{
  "timestamp": "2025-12-01 12:35:06 UTC",
  "usando_cache": false,
  "smr_price": 86316.586,
  "smr_change_pct": -5.317495,
  "smr_volume": 0,
  "ura_price": 90761.29,
  "ura_change_pct": -0.30688056,
  "urnm_price": 90761.29,
  "urnm_change_pct": -0.30688056,
  "xlu_price": 85992.89,
  "xlu_change_pct": -5.839158,
  "tnx_yield": 87601.71,
  "vix_value": 299.65,
  "rss_titulares": []
}